Alex,Rivas,aleri@mail.com,123456878,1963-05-20
Katelynn,Wisoky,mia@zemlak.info,922.543.1888,2017-06-07
Alphonso,Champlin,libby@fisher.com,(593) 214-9165,2017-04-22
Enrique,Murray,herminia@quigleyrobel.name,(968) 496-7439,2016-12-25
Aliya,Hickle,robbie.keler@ortizthiel.biz,279-592-6621,2017-03-31
Juan,Perez,juan@mail.com,123456878,1958-10-12
Adolphus,Raynor,freda@rice.net,304.058.4054,2016-07-10
Daphney,Herzog,ford_marks@pollich.biz,129.915.6052,2016-08-16
Hilma,Beer,okey@bahringersanford.biz,1-422-787-2225,2017-03-30
Kara,Schmidt,isobel.rice@schiller.com,(661) 464-4132,2016-09-22
